HFname	dhfr-ts-Cys59Arg	dhps-Ser436Phe	mdr1-Asn86Phe	dhps-Lys540Glu	dhfr-ts-Asn51Ile	dhps-Ile431Val	crt-Ile356Thr	crt-Ala220Ser	dhps-Ala613Ser	mdr1-Asp1246Tyr	k13-Pro574Leu	cytb-Val284Lys	mdr1-Ser1034Cys	k13-Cys469Tyr	pph-Val1157Leu	mcp-Asn252Asp	k13-Gly449Ala	fd-Asp193Tyr	k13-Cys580Tyr	k13-Asn537Asp	cytb-Tyr268Ser	crt-Gln271Glu	dhfr-ts-Ser108Thr	k13-Ala675Val	k13-Cys469Phe	k13-Pro527His	dhfr-ts-Ser108Asn	dhfr-ts-Ile164Leu	PF3D7-1322700-Thr236Ile	k13-Val568Gly	crt-His97Leu	crt-Met74Ile	dhps-Ala437Gly	crt-Ile218Phe	crt-Cys72Ser	crt-Cys101Phe	Sec14-Asn615Asp	k13-Arg622Ile	k13-Pro553Leu	PI4K-Ser915Gly	k13-Pro441Leu	k13-Asn458Tyr	k13-Ile543Thr	mdr1-Asn86Tyr	mdr1-Asn1042Asp	dhps-Ser436Ala	k13-Arg539Thr	dhfr-ts-Ala16Val	k13-Ala481Val	cytb-Tyr268Asn	crt-Asn75Glu	k13-Phe446Ile	k13-Asn537Ile	atp6-Glu431Lys	mdr2-Thr484Ile	atp6-Leu263Glu	crt-Thr93Ser	k13-Met476Ile	k13-Arg515Lys	cytb-Tyr268Cys	crt-Val73Leu	atp6-Ser769Asn	PF3D7-1451200-Asn71Asn	k13-Gly538Val	crt-Phe145Ile	crt-Lys76Thr	mdr1-Tyr184Phe	arps10-Val127Met	k13-Arg561His	dhps-Ala581Gly	k13-Tyr493His	crt-Met343Leu	pib7-Cys1484Phe	dhps-Ala613Thr	crt-Gly353Val	atp6-Ala623Glu	cytb-Met133Ile	crt-Arg371Ile	crt-His97Tyr	crt-Asn326Ser	Pfap2mu-Ser160Asn	kelch10-Pro623Thr	exo-Glu415Gly	fd-Asp193Tyr	mdr2-Thr484Ile	pib7-Cys1484Phe	pph-Val1157Leu	crt-Asn326Ser	crt-Ile356Thr
Rushwa	0.9412 (48/51)	0.0 (0/54)	0.0 (0/47)	0.8393 (47/56)	1.0 (51/51)	0.0 (0/54)	0.0 (0/51)	0.0294 (1/34)	0.0 (0/56)	0.0556 (3/54)	0.0 (0/60)	0.0 (0/0)	0.0 (0/51)	0.0 (0/50)	0.0 (0/0)	0.0 (0/0)	0.0 (0/50)	0.0 (0/0)	0.0 (0/65)	0.0 (0/66)	0.0 (0/0)	0.0 (0/39)	0.0217 (1/46)	0.0 (0/52)	0.0 (0/50)	0.0 (0/66)	1.0 (46/46)	0.0 (0/48)	0.0 (0/0)	0.0 (0/60)	0.0 (0/46)	0.0217 (1/46)	0.7963 (43/54)	0.0 (0/34)	0.0 (0/46)	0.0 (0/46)	0.0 (0/0)	0.0 (0/58)	0.0 (0/60)	0.0 (0/0)	0.0 (0/50)	0.0 (0/50)	0.0 (0/66)	0.0 (0/47)	0.0 (0/51)	0.0185 (1/54)	0.0 (0/66)	0.0 (0/46)	0.0 (0/54)	0.0 (0/0)	0.0217 (1/46)	0.0 (0/50)	0.0 (0/66)	0.0 (0/0)	0.0 (0/0)	0.0 (0/0)	0.0 (0/46)	0.0 (0/59)	0.0 (0/54)	0.0 (0/0)	0.0 (0/0)	0.0 (0/0)	0.0 (0/0)	0.0 (0/66)	0.0 (0/51)	0.0217 (1/46)	0.58 (29/50)	0.0 (0/0)	0.0 (0/60)	0.0926 (5/54)	0.0 (0/54)	0.0 (0/40)	0.0 (0/0)	0.0 (0/56)	0.0 (0/51)	0.0 (0/0)	0.0 (0/0)	0.0217 (1/46)	0.0 (0/46)	0.0222 (1/45)	0.0 (0/0)	0.0 (0/0)	0.0 (0/0)	0.0 (0/0)	0.0 (0/0)	0.0 (0/0)	0.0 (0/0)	0.0222 (1/45)	0.0 (0/51)
Nterungwe	0.8533 (64/75)	0.0 (0/77)	0.0 (0/71)	0.9367 (74/79)	0.96 (72/75)	0.0 (0/77)	0.0 (0/68)	0.08 (2/25)	0.0 (0/83)	0.0533 (4/75)	0.0122 (1/82)	0.0 (0/0)	0.0 (0/73)	0.0 (0/70)	0.0 (0/0)	0.0 (0/0)	0.0 (0/70)	0.0 (0/0)	0.0 (0/83)	0.0 (0/86)	0.0 (0/0)	0.1087 (5/46)	0.0149 (1/67)	0.0 (0/73)	0.0 (0/70)	0.0 (0/86)	1.0 (67/67)	0.1515 (10/66)	0.0 (0/0)	0.0 (0/82)	0.0 (0/69)	0.087 (6/69)	0.9221 (71/77)	0.0 (0/25)	0.0 (0/69)	0.0 (0/69)	0.0 (0/0)	0.0 (0/78)	0.0 (0/82)	0.0 (0/0)	0.0 (0/70)	0.0 (0/70)	0.0 (0/86)	0.0141 (1/71)	0.0 (0/73)	0.0 (0/77)	0.0 (0/86)	0.0 (0/72)	0.0 (0/78)	0.0 (0/0)	0.087 (6/69)	0.0 (0/70)	0.0 (0/86)	0.0 (0/0)	0.0 (0/0)	0.0 (0/0)	0.0 (0/69)	0.0 (0/83)	0.0 (0/78)	0.0 (0/0)	0.0 (0/0)	0.0 (0/0)	0.0 (0/0)	0.0 (0/86)	0.0 (0/74)	0.087 (6/69)	0.589 (43/73)	0.0 (0/0)	0.061 (5/82)	0.2927 (24/82)	0.0 (0/78)	0.0 (0/49)	0.0 (0/0)	0.0 (0/83)	0.0 (0/68)	0.0 (0/0)	0.0 (0/0)	0.1111 (7/63)	0.0 (0/69)	0.0 (0/63)	0.0 (0/0)	0.0 (0/0)	0.0 (0/0)	0.0 (0/0)	0.0 (0/0)	0.0 (0/0)	0.0 (0/0)	0.0 (0/63)	0.0 (0/68)
Chivu	0.8954 (137/153)	0.0 (0/157)	0.0 (0/144)	0.913 (147/161)	0.9935 (152/153)	0.0 (0/157)	0.0 (0/146)	0.1279 (11/86)	0.0 (0/159)	0.0513 (8/156)	0.0 (0/154)	0.0 (0/0)	0.0 (0/159)	0.0 (0/153)	0.0 (0/0)	0.0 (0/0)	0.0 (0/153)	0.0 (0/0)	0.0 (0/167)	0.0 (0/165)	0.0 (0/0)	0.0787 (10/127)	0.0 (0/149)	0.0 (0/151)	0.0 (0/153)	0.0 (0/165)	1.0 (149/149)	0.0654 (10/153)	0.0 (0/0)	0.0 (0/154)	0.0 (0/147)	0.1088 (16/147)	0.9236 (145/157)	0.0 (0/86)	0.0 (0/147)	0.0 (0/147)	0.0 (0/0)	0.0 (0/164)	0.0 (0/154)	0.0 (0/0)	0.0 (0/153)	0.0 (0/153)	0.0 (0/165)	0.0 (0/144)	0.0 (0/159)	0.0 (0/157)	0.0 (0/165)	0.0 (0/150)	0.0 (0/155)	0.0 (0/0)	0.102 (15/147)	0.0 (0/153)	0.0 (0/165)	0.0 (0/0)	0.0 (0/0)	0.0 (0/0)	0.0 (0/147)	0.0 (0/163)	0.0 (0/155)	0.0 (0/0)	0.0 (0/0)	0.0 (0/0)	0.0 (0/0)	0.0 (0/165)	0.0 (0/153)	0.102 (15/147)	0.4803 (73/152)	0.0 (0/0)	0.013 (2/154)	0.1634 (25/153)	0.0 (0/155)	0.0 (0/124)	0.0 (0/0)	0.0 (0/159)	0.0 (0/146)	0.0 (0/0)	0.0 (0/0)	0.0986 (14/142)	0.0 (0/147)	0.0134 (2/149)	0.0 (0/0)	0.0 (0/0)	0.0 (0/0)	0.0 (0/0)	0.0 (0/0)	0.0 (0/0)	0.0 (0/0)	0.0134 (2/149)	0.0 (0/146)
Butulage	0.9329 (139/149)	0.0068 (1/148)	0.0 (0/143)	0.8758 (134/153)	1.0 (149/149)	0.0 (0/148)	0.0 (0/145)	0.0 (0/83)	0.0 (0/155)	0.0263 (4/152)	0.0 (0/149)	0.0 (0/0)	0.0 (0/155)	0.0 (0/148)	0.0 (0/0)	0.0 (0/0)	0.0 (0/148)	0.0 (0/0)	0.0 (0/158)	0.0 (0/157)	0.0 (0/0)	0.0088 (1/114)	0.0135 (2/148)	0.0 (0/145)	0.0 (0/148)	0.0 (0/157)	1.0 (148/148)	0.1275 (19/149)	0.0 (0/0)	0.0067 (1/149)	0.0 (0/146)	0.0068 (1/146)	0.8784 (130/148)	0.0 (0/83)	0.0 (0/146)	0.0137 (2/146)	0.0 (0/0)	0.0 (0/155)	0.0 (0/149)	0.0 (0/0)	0.0 (0/148)	0.0 (0/148)	0.0064 (1/157)	0.007 (1/143)	0.0 (0/155)	0.0068 (1/148)	0.0 (0/157)	0.0068 (1/146)	0.0 (0/146)	0.0 (0/0)	0.0068 (1/146)	0.0 (0/148)	0.0 (0/157)	0.0 (0/0)	0.0 (0/0)	0.0 (0/0)	0.0 (0/146)	0.0 (0/157)	0.0 (0/146)	0.0 (0/0)	0.0 (0/0)	0.0 (0/0)	0.0 (0/0)	0.0 (0/157)	0.0 (0/148)	0.0068 (1/146)	0.5238 (77/147)	0.0 (0/0)	0.0067 (1/149)	0.1677 (26/155)	0.0 (0/146)	0.0 (0/128)	0.0 (0/0)	0.0 (0/155)	0.0 (0/145)	0.0 (0/0)	0.0 (0/0)	0.0221 (3/136)	0.0 (0/146)	0.0 (0/142)	0.0 (0/0)	0.0 (0/0)	0.0 (0/0)	0.0 (0/0)	0.0 (0/0)	0.0 (0/0)	0.0 (0/0)	0.0 (0/142)	0.0 (0/145)
Nshamba	0.902 (138/153)	0.0 (0/157)	0.0 (0/144)	0.9351 (144/154)	1.0 (153/153)	0.0 (0/157)	0.0 (0/145)	0.027 (2/74)	0.0 (0/159)	0.0065 (1/153)	0.0063 (1/160)	0.0 (0/0)	0.0 (0/151)	0.0 (0/151)	0.0 (0/0)	0.0 (0/0)	0.0 (0/151)	0.0 (0/0)	0.0 (0/168)	0.0 (0/163)	0.0 (0/0)	0.0 (0/92)	0.0203 (3/148)	0.0068 (1/147)	0.0 (0/151)	0.0 (0/163)	1.0 (148/148)	0.0342 (5/146)	0.0 (0/0)	0.0 (0/160)	0.0 (0/144)	0.0069 (1/144)	0.9299 (146/157)	0.0 (0/74)	0.0 (0/144)	0.0 (0/144)	0.0 (0/0)	0.0 (0/158)	0.0 (0/160)	0.0 (0/0)	0.0 (0/151)	0.0 (0/151)	0.0 (0/163)	0.0 (0/144)	0.0 (0/151)	0.0064 (1/157)	0.0 (0/163)	0.0 (0/145)	0.0 (0/157)	0.0 (0/0)	0.0 (0/144)	0.0 (0/151)	0.0061 (1/163)	0.0 (0/0)	0.0 (0/0)	0.0 (0/0)	0.0 (0/144)	0.0 (0/162)	0.0 (0/157)	0.0 (0/0)	0.0 (0/0)	0.0 (0/0)	0.0 (0/0)	0.0061 (1/163)	0.0 (0/154)	0.0 (0/144)	0.4437 (67/151)	0.0 (0/0)	0.0688 (11/160)	0.0839 (13/155)	0.0 (0/157)	0.0 (0/111)	0.0 (0/0)	0.0 (0/159)	0.0 (0/145)	0.0 (0/0)	0.0 (0/0)	0.0 (0/139)	0.0 (0/144)	0.0 (0/139)	0.0 (0/0)	0.0 (0/0)	0.0 (0/0)	0.0 (0/0)	0.0 (0/0)	0.0 (0/0)	0.0 (0/0)	0.0 (0/139)	0.0 (0/145)
Rugasha	0.952 (119/125)	0.0 (0/133)	0.0 (0/118)	0.9655 (140/145)	1.0 (125/125)	0.0 (0/133)	0.0 (0/114)	0.0 (0/72)	0.0 (0/129)	0.0155 (2/129)	0.0 (0/136)	0.0 (0/0)	0.0 (0/128)	0.0 (0/124)	0.0 (0/0)	0.0 (0/0)	0.0645 (8/124)	0.0 (0/0)	0.0 (0/145)	0.0 (0/145)	0.0 (0/0)	0.0 (0/79)	0.0084 (1/119)	0.0 (0/117)	0.0 (0/124)	0.0 (0/145)	1.0 (119/119)	0.3761 (41/109)	0.0 (0/0)	0.0 (0/136)	0.0 (0/108)	0.0 (0/108)	0.9774 (130/133)	0.0 (0/72)	0.0093 (1/108)	0.0 (0/108)	0.0 (0/0)	0.0 (0/137)	0.0 (0/136)	0.0 (0/0)	0.0081 (1/124)	0.0 (0/124)	0.0 (0/145)	0.0 (0/118)	0.0078 (1/128)	0.0 (0/133)	0.0 (0/145)	0.0088 (1/114)	0.0 (0/127)	0.0 (0/0)	0.0 (0/108)	0.0 (0/124)	0.0 (0/145)	0.0 (0/0)	0.0 (0/0)	0.0 (0/0)	0.0 (0/108)	0.0 (0/137)	0.0 (0/127)	0.0 (0/0)	0.0 (0/0)	0.0 (0/0)	0.0 (0/0)	0.0 (0/145)	0.0 (0/133)	0.0 (0/108)	0.7165 (91/127)	0.0 (0/0)	0.2206 (30/136)	0.55 (77/140)	0.0 (0/127)	0.0 (0/93)	0.0 (0/0)	0.0 (0/129)	0.0 (0/114)	0.0 (0/0)	0.0 (0/0)	0.0 (0/95)	0.0 (0/108)	0.0 (0/110)	0.0 (0/0)	0.0 (0/0)	0.0 (0/0)	0.0 (0/0)	0.0 (0/0)	0.0 (0/0)	0.0 (0/0)	0.0 (0/110)	0.0 (0/114)
Kyaka	1.0 (98/98)	0.0 (0/99)	0.0 (0/96)	0.9 (90/100)	1.0 (98/98)	0.0 (0/99)	0.0 (0/93)	0.0 (0/54)	0.0 (0/100)	0.0408 (4/98)	0.0 (0/98)	0.0 (0/0)	0.0103 (1/97)	0.0 (0/95)	0.0 (0/0)	0.0 (0/0)	0.0 (0/95)	0.0 (0/0)	0.0 (0/102)	0.0 (0/104)	0.0 (0/0)	0.1486 (11/74)	0.0 (0/98)	0.0 (0/97)	0.0 (0/95)	0.0 (0/104)	1.0 (98/98)	0.1579 (15/95)	0.0 (0/0)	0.0 (0/98)	0.0 (0/94)	0.0213 (2/94)	0.9091 (90/99)	0.0 (0/54)	0.0 (0/94)	0.0106 (1/94)	0.0 (0/0)	0.0099 (1/101)	0.0 (0/98)	0.0 (0/0)	0.0316 (3/95)	0.0 (0/95)	0.0 (0/104)	0.0 (0/96)	0.0 (0/97)	0.0 (0/99)	0.0 (0/104)	0.0 (0/96)	0.0 (0/100)	0.0 (0/0)	0.0213 (2/94)	0.0 (0/95)	0.0 (0/104)	0.0 (0/0)	0.0 (0/0)	0.0 (0/0)	0.0 (0/94)	0.0 (0/101)	0.0 (0/100)	0.0 (0/0)	0.0 (0/0)	0.0 (0/0)	0.0 (0/0)	0.0 (0/104)	0.0 (0/98)	0.0213 (2/94)	0.5833 (56/96)	0.0 (0/0)	0.0 (0/98)	0.11 (11/100)	0.0 (0/100)	0.0 (0/88)	0.0 (0/0)	0.0 (0/100)	0.0 (0/93)	0.0 (0/0)	0.0 (0/0)	0.1684 (16/95)	0.0 (0/94)	0.0 (0/96)	0.0 (0/0)	0.0 (0/0)	0.0 (0/0)	0.0 (0/0)	0.0 (0/0)	0.0 (0/0)	0.0 (0/0)	0.0 (0/96)	0.0 (0/93)
Bukangara	0.9174 (100/109)	0.0 (0/112)	0.0 (0/102)	0.8696 (100/115)	1.0 (109/109)	0.0 (0/112)	0.0 (0/96)	0.0169 (1/59)	0.0 (0/114)	0.0541 (6/111)	0.0 (0/105)	0.0 (0/0)	0.0088 (1/113)	0.0091 (1/110)	0.0 (0/0)	0.0 (0/0)	0.0 (0/110)	0.0 (0/0)	0.0 (0/114)	0.0 (0/114)	0.0 (0/0)	0.0133 (1/75)	0.0 (0/104)	0.0467 (5/107)	0.0 (0/110)	0.0088 (1/114)	1.0 (104/104)	0.2323 (23/99)	0.0 (0/0)	0.0 (0/105)	0.0 (0/96)	0.0104 (1/96)	0.875 (98/112)	0.0169 (1/59)	0.0 (0/96)	0.0104 (1/96)	0.0 (0/0)	0.0089 (1/112)	0.0 (0/105)	0.0 (0/0)	0.0 (0/110)	0.0 (0/110)	0.0 (0/114)	0.0 (0/102)	0.0 (0/113)	0.0536 (6/112)	0.0 (0/114)	0.0 (0/107)	0.0 (0/110)	0.0 (0/0)	0.0104 (1/96)	0.0 (0/110)	0.0 (0/114)	0.0 (0/0)	0.0 (0/0)	0.0 (0/0)	0.0 (0/96)	0.0 (0/115)	0.0 (0/110)	0.0 (0/0)	0.0 (0/0)	0.0 (0/0)	0.0 (0/0)	0.0 (0/114)	0.0 (0/112)	0.0104 (1/96)	0.2617 (28/107)	0.0 (0/0)	0.2381 (25/105)	0.2566 (29/113)	0.0 (0/110)	0.0 (0/81)	0.0 (0/0)	0.0 (0/114)	0.0 (0/96)	0.0 (0/0)	0.0 (0/0)	0.0 (0/86)	0.0 (0/96)	0.0213 (2/94)	0.0 (0/0)	0.0 (0/0)	0.0 (0/0)	0.0 (0/0)	0.0 (0/0)	0.0 (0/0)	0.0 (0/0)	0.0213 (2/94)	0.0 (0/96)
Kasozibakaya	0.9125 (73/80)	0.0 (0/81)	0.0 (0/77)	0.9762 (82/84)	0.95 (76/80)	0.0 (0/81)	0.0 (0/75)	0.0 (0/56)	0.0 (0/82)	0.0127 (1/79)	0.0 (0/81)	0.0 (0/0)	0.0 (0/79)	0.0 (0/77)	0.0 (0/0)	0.0 (0/0)	0.0 (0/77)	0.0 (0/0)	0.0 (0/87)	0.0 (0/85)	0.0 (0/0)	0.0 (0/41)	0.013 (1/77)	0.0 (0/78)	0.0 (0/77)	0.0 (0/85)	1.0 (77/77)	0.0274 (2/73)	0.0 (0/0)	0.0 (0/81)	0.0 (0/72)	0.0139 (1/72)	0.9753 (79/81)	0.0 (0/56)	0.0 (0/72)	0.0 (0/72)	0.0 (0/0)	0.0 (0/82)	0.0 (0/81)	0.0 (0/0)	0.0 (0/77)	0.0 (0/77)	0.0 (0/85)	0.0 (0/77)	0.0 (0/79)	0.0 (0/81)	0.0 (0/85)	0.0 (0/75)	0.0 (0/78)	0.0 (0/0)	0.0139 (1/72)	0.0 (0/77)	0.0 (0/85)	0.0 (0/0)	0.0 (0/0)	0.0 (0/0)	0.0 (0/72)	0.0 (0/85)	0.0 (0/78)	0.0 (0/0)	0.0 (0/0)	0.0 (0/0)	0.0 (0/0)	0.0 (0/85)	0.0 (0/77)	0.0139 (1/72)	0.3974 (31/78)	0.0 (0/0)	0.0 (0/81)	0.0244 (2/82)	0.0 (0/78)	0.0 (0/55)	0.0 (0/0)	0.0 (0/82)	0.0 (0/75)	0.0 (0/0)	0.0 (0/0)	0.0 (0/69)	0.0 (0/72)	0.0 (0/72)	0.0 (0/0)	0.0 (0/0)	0.0 (0/0)	0.0 (0/0)	0.0 (0/0)	0.0 (0/0)	0.0 (0/0)	0.0 (0/72)	0.0 (0/75)
Rwabwere	0.8583 (103/120)	0.0 (0/124)	0.0 (0/120)	0.9531 (122/128)	0.9917 (119/120)	0.0 (0/124)	0.0 (0/111)	0.0132 (1/76)	0.0 (0/124)	0.0081 (1/123)	0.0 (0/125)	0.0 (0/0)	0.0 (0/121)	0.0 (0/123)	0.0 (0/0)	0.0 (0/0)	0.0 (0/123)	0.0 (0/0)	0.0 (0/133)	0.0074 (1/135)	0.0 (0/0)	0.0116 (1/86)	0.0084 (1/119)	0.0084 (1/119)	0.0 (0/123)	0.0 (0/135)	1.0 (119/119)	0.1121 (13/116)	0.0 (0/0)	0.0 (0/125)	0.0 (0/113)	0.0354 (4/113)	0.9516 (118/124)	0.0 (0/76)	0.0 (0/113)	0.0 (0/113)	0.0 (0/0)	0.0 (0/129)	0.0 (0/125)	0.0 (0/0)	0.0081 (1/123)	0.0 (0/123)	0.0074 (1/135)	0.0 (0/120)	0.0 (0/121)	0.0 (0/124)	0.0 (0/135)	0.0 (0/119)	0.0 (0/126)	0.0 (0/0)	0.0265 (3/113)	0.0 (0/123)	0.0 (0/135)	0.0 (0/0)	0.0 (0/0)	0.0 (0/0)	0.0 (0/113)	0.0 (0/132)	0.0 (0/126)	0.0 (0/0)	0.0 (0/0)	0.0 (0/0)	0.0 (0/0)	0.0074 (1/135)	0.0 (0/126)	0.0265 (3/113)	0.405 (49/121)	0.0 (0/0)	0.112 (14/125)	0.3561 (47/132)	0.0 (0/126)	0.0 (0/98)	0.0 (0/0)	0.0 (0/124)	0.0 (0/111)	0.0 (0/0)	0.0 (0/0)	0.0288 (3/104)	0.0 (0/113)	0.0091 (1/110)	0.0 (0/0)	0.0 (0/0)	0.0 (0/0)	0.0 (0/0)	0.0 (0/0)	0.0 (0/0)	0.0 (0/0)	0.0091 (1/110)	0.0 (0/111)
overall	0.9155 (1019/1113)	0.0009 (1/1142)	0.0 (0/1062)	0.9191 (1080/1175)	0.9919 (1104/1113)	0.0 (0/1142)	0.0 (0/1044)	0.0291 (18/619)	0.0 (0/1161)	0.0301 (34/1130)	0.0017 (2/1150)	0.0 (0/0)	0.0018 (2/1127)	0.0009 (1/1101)	0.0 (0/0)	0.0 (0/0)	0.0073 (8/1101)	0.0 (0/0)	0.0 (0/1222)	0.0008 (1/1220)	0.0 (0/0)	0.0375 (29/773)	0.0093 (10/1075)	0.0064 (7/1086)	0.0 (0/1101)	0.0008 (1/1220)	1.0 (1075/1075)	0.1309 (138/1054)	0.0 (0/0)	0.0009 (1/1150)	0.0 (0/1035)	0.0319 (33/1035)	0.9194 (1050/1142)	0.0016 (1/619)	0.001 (1/1035)	0.0039 (4/1035)	0.0 (0/0)	0.0017 (2/1174)	0.0 (0/1150)	0.0 (0/0)	0.0045 (5/1101)	0.0 (0/1101)	0.0016 (2/1220)	0.0019 (2/1062)	0.0009 (1/1127)	0.0079 (9/1142)	0.0 (0/1220)	0.0019 (2/1070)	0.0 (0/1131)	0.0 (0/0)	0.029 (30/1035)	0.0 (0/1101)	0.0008 (1/1220)	0.0 (0/0)	0.0 (0/0)	0.0 (0/0)	0.0 (0/1035)	0.0 (0/1194)	0.0 (0/1131)	0.0 (0/0)	0.0 (0/0)	0.0 (0/0)	0.0 (0/0)	0.0016 (2/1220)	0.0 (0/1126)	0.029 (30/1035)	0.4936 (544/1102)	0.0 (0/0)	0.0765 (88/1150)	0.2221 (259/1166)	0.0 (0/1131)	0.0 (0/867)	0.0 (0/0)	0.0 (0/1161)	0.0 (0/1044)	0.0 (0/0)	0.0 (0/0)	0.0451 (44/975)	0.0 (0/1035)	0.0059 (6/1020)	0.0 (0/0)	0.0 (0/0)	0.0 (0/0)	0.0 (0/0)	0.0 (0/0)	0.0 (0/0)	0.0 (0/0)	0.0059 (6/1020)	0.0 (0/1044)
