HFname	Latitude	Longitude	dhfr-ts-Cys59Arg	dhps-Ser436Phe	mdr1-Asn86Phe	dhps-Lys540Glu	dhfr-ts-Asn51Ile	dhps-Ile431Val	crt-Ile356Thr	crt-Ala220Ser	dhps-Ala613Ser	mdr1-Asp1246Tyr	k13-Pro574Leu	cytb-Val284Lys	mdr1-Ser1034Cys	k13-Cys469Tyr	pph-Val1157Leu	mcp-Asn252Asp	k13-Gly449Ala	fd-Asp193Tyr	k13-Cys580Tyr	k13-Asn537Asp	cytb-Tyr268Ser	crt-Gln271Glu	dhfr-ts-Ser108Thr	k13-Ala675Val	k13-Cys469Phe	k13-Pro527His	dhfr-ts-Ser108Asn	dhfr-ts-Ile164Leu	PF3D7-1322700-Thr236Ile	k13-Val568Gly	crt-His97Leu	crt-Met74Ile	dhps-Ala437Gly	crt-Ile218Phe	crt-Cys72Ser	crt-Cys101Phe	Sec14-Asn615Asp	k13-Arg622Ile	k13-Pro553Leu	PI4K-Ser915Gly	k13-Pro441Leu	k13-Asn458Tyr	k13-Ile543Thr	mdr1-Asn86Tyr	mdr1-Asn1042Asp	dhps-Ser436Ala	k13-Arg539Thr	dhfr-ts-Ala16Val	k13-Ala481Val	cytb-Tyr268Asn	crt-Asn75Glu	k13-Phe446Ile	k13-Asn537Ile	atp6-Glu431Lys	mdr2-Thr484Ile	atp6-Leu263Glu	crt-Thr93Ser	k13-Met476Ile	k13-Arg515Lys	cytb-Tyr268Cys	crt-Val73Leu	atp6-Ser769Asn	PF3D7-1451200-Asn71Asn	k13-Gly538Val	crt-Phe145Ile	crt-Lys76Thr	mdr1-Tyr184Phe	arps10-Val127Met	k13-Arg561His	dhps-Ala581Gly	k13-Tyr493His	crt-Met343Leu	pib7-Cys1484Phe	dhps-Ala613Thr	crt-Gly353Val	atp6-Ala623Glu	cytb-Met133Ile	crt-Arg371Ile	crt-His97Tyr	crt-Asn326Ser	Pfap2mu-Ser160Asn	kelch10-Pro623Thr	exo-Glu415Gly	fd-Asp193Tyr.1	mdr2-Thr484Ile.1	pib7-Cys1484Phe.1	pph-Val1157Leu.1	crt-Asn326Ser.1	crt-Ile356Thr.1
Hedaru	-4.508585	37.911094	0.9908 (108/109)	0.0 (0/110)	0.0 (0/109)	0.982 (109/111)	1.0 (109/109)	0.0 (0/110)	0.0 (0/108)	0.0112 (1/89)	0.0 (0/111)	0.009 (1/111)	0.0 (0/109)	0.0 (0/0)	0.0 (0/110)	0.0 (0/109)	0.0 (0/0)	0.0 (0/0)	0.0 (0/109)	0.0 (0/5)	0.0 (0/111)	0.0 (0/111)	0.0 (0/0)	0.0 (0/101)	0.0 (0/111)	0.0 (0/111)	0.0 (0/109)	0.0 (0/111)	1.0 (111/111)	0.0092 (1/109)	0.0 (0/0)	0.0 (0/109)	0.0 (0/109)	0.0 (0/109)	0.9818 (108/110)	0.0 (0/89)	0.0 (0/109)	0.0 (0/109)	0.0 (0/0)	0.0 (0/112)	0.0 (0/109)	0.0 (0/3)	0.0 (0/109)	0.0 (0/109)	0.0 (0/111)	0.0 (0/109)	0.0 (0/110)	0.0727 (8/110)	0.0 (0/111)	0.0 (0/109)	0.0 (0/111)	0.0 (0/0)	0.0 (0/109)	0.0 (0/109)	0.0 (0/111)	0.0 (0/0)	0.0 (0/0)	0.0 (0/0)	0.0 (0/109)	0.0 (0/111)	0.0 (0/111)	0.0 (0/0)	0.0 (0/0)	0.0 (0/0)	0.0 (0/0)	0.0 (0/111)	0.0 (0/110)	0.0 (0/109)	0.7 (77/110)	0.0 (0/0)	0.0 (0/109)	0.4775 (53/111)	0.0 (0/111)	0.0 (0/102)	0.0 (0/0)	0.0 (0/111)	0.0 (0/108)	0.0 (0/0)	0.0 (0/0)	0.0093 (1/107)	0.0 (0/109)	0.0 (0/107)	0.0 (0/0)	0.0 (0/0)	0.0 (0/24)	0.0 (0/5)	0.0 (0/0)	0.0 (0/0)	0.0 (0/0)	0.0 (0/107)	0.0 (0/108)
Lyamungo	-3.22052	37.2559	0.7778 (7/9)	0.0 (0/9)	0.0 (0/8)	1.0 (9/9)	1.0 (9/9)	0.0 (0/9)	0.0 (0/9)	0.0 (0/6)	0.0 (0/9)	0.0 (0/10)	0.0 (0/9)	0.0 (0/0)	0.0 (0/9)	0.0 (0/9)	0.0 (0/0)	0.0 (0/0)	0.0 (0/9)	0.0 (0/0)	0.0 (0/10)	0.0 (0/9)	0.0 (0/0)	0.0 (0/8)	0.0 (0/9)	0.0 (0/9)	0.0 (0/9)	0.0 (0/9)	1.0 (9/9)	0.0 (0/9)	0.0 (0/0)	0.0 (0/9)	0.0 (0/8)	0.0 (0/8)	1.0 (9/9)	0.0 (0/6)	0.0 (0/8)	0.0 (0/8)	0.0 (0/0)	0.0 (0/10)	0.0 (0/9)	0.0 (0/0)	0.0 (0/9)	0.0 (0/9)	0.0 (0/9)	0.0 (0/8)	0.0 (0/9)	0.0 (0/9)	0.0 (0/9)	0.0 (0/9)	0.0 (0/8)	0.0 (0/0)	0.0 (0/8)	0.0 (0/9)	0.0 (0/9)	0.0 (0/0)	0.0 (0/0)	0.0 (0/0)	0.0 (0/8)	0.0 (0/10)	0.0 (0/8)	0.0 (0/0)	0.0 (0/0)	0.0 (0/0)	0.0 (0/0)	0.0 (0/9)	0.0 (0/8)	0.0 (0/8)	0.4 (4/10)	0.0 (0/0)	0.0 (0/9)	0.3333 (3/9)	0.0 (0/8)	0.0 (0/9)	0.0 (0/0)	0.0 (0/9)	0.0 (0/9)	0.0 (0/0)	0.0 (0/0)	0.0 (0/8)	0.0 (0/8)	0.0 (0/9)	0.0 (0/0)	0.0 (0/0)	0.0 (0/0)	0.0 (0/0)	0.0 (0/0)	0.0 (0/0)	0.0 (0/0)	0.0 (0/9)	0.0 (0/9)
Kisorya	-2.108531	33.219641	0.8852 (108/122)	0.0 (0/120)	0.0 (0/102)	0.9381 (106/113)	1.0 (122/122)	0.0 (0/120)	0.0 (0/109)	0.026 (2/77)	0.0 (0/121)	0.0252 (3/119)	0.0 (0/107)	0.0 (0/0)	0.0 (0/122)	0.0 (0/112)	0.0 (0/0)	0.0 (0/0)	0.0 (0/112)	0.0 (0/0)	0.0 (0/122)	0.0 (0/122)	0.0 (0/0)	0.0111 (1/90)	0.0 (0/118)	0.0 (0/124)	0.0089 (1/112)	0.0 (0/122)	1.0 (118/118)	0.0254 (3/118)	0.0 (0/0)	0.0 (0/107)	0.0 (0/116)	0.0 (0/116)	0.9583 (115/120)	0.0 (0/77)	0.0 (0/116)	0.0 (0/116)	0.0 (0/0)	0.0 (0/125)	0.0 (0/107)	0.0 (0/2)	0.0 (0/112)	0.0 (0/112)	0.0 (0/122)	0.0 (0/102)	0.0 (0/122)	0.0 (0/120)	0.0 (0/122)	0.0 (0/115)	0.0 (0/112)	0.0 (0/0)	0.0 (0/116)	0.0 (0/112)	0.0 (0/122)	0.0 (0/0)	0.0 (0/0)	0.0 (0/0)	0.0 (0/116)	0.0083 (1/121)	0.0 (0/112)	0.0 (0/0)	0.0 (0/0)	0.0 (0/0)	0.0 (0/0)	0.0 (0/122)	0.0 (0/108)	0.0 (0/116)	0.5372 (65/121)	0.0 (0/0)	0.0 (0/107)	0.0 (0/122)	0.0 (0/112)	0.0 (0/98)	0.0 (0/0)	0.0 (0/121)	0.0 (0/109)	0.0 (0/0)	0.0 (0/0)	0.0098 (1/102)	0.0 (0/116)	0.0 (0/109)	0.0 (0/0)	0.0 (0/0)	0.0 (0/2)	0.0 (0/0)	0.0 (0/0)	0.0 (0/0)	0.0 (0/0)	0.0 (0/109)	0.0 (0/109)
Nzoka	-8.7712932	32.203672	0.956 (87/91)	0.0 (0/90)	0.0 (0/93)	0.9663 (86/89)	0.989 (90/91)	0.0 (0/90)	0.0 (0/92)	0.0123 (1/81)	0.0 (0/95)	0.0208 (2/96)	0.0 (0/90)	0.0 (0/0)	0.0 (0/97)	0.0 (0/91)	0.0 (0/0)	0.0 (0/0)	0.0 (0/91)	0.0 (0/5)	0.0 (0/92)	0.0 (0/94)	0.0 (0/0)	0.0 (0/83)	0.0114 (1/88)	0.0 (0/95)	0.0 (0/91)	0.0 (0/94)	1.0 (88/88)	0.0 (0/88)	0.0 (0/0)	0.0111 (1/90)	0.0 (0/94)	0.0 (0/94)	0.9667 (87/90)	0.0 (0/81)	0.0 (0/94)	0.0 (0/94)	0.0 (0/0)	0.0 (0/95)	0.0 (0/90)	0.0 (0/5)	0.0 (0/91)	0.0 (0/91)	0.0 (0/94)	0.0 (0/93)	0.0 (0/97)	0.0111 (1/90)	0.0 (0/94)	0.0 (0/91)	0.0 (0/93)	0.0 (0/0)	0.0 (0/94)	0.0 (0/91)	0.0 (0/94)	0.0 (0/2)	0.0 (0/0)	0.0 (0/0)	0.0 (0/94)	0.0 (0/93)	0.0 (0/93)	0.0 (0/0)	0.0 (0/0)	0.0 (0/0)	0.0 (0/0)	0.0 (0/94)	0.0 (0/88)	0.0 (0/94)	0.5684 (54/95)	0.0 (0/0)	0.0 (0/90)	0.0211 (2/95)	0.0 (0/93)	0.0 (0/89)	0.0 (0/0)	0.0 (0/95)	0.0 (0/92)	0.0 (0/0)	0.0 (0/0)	0.0 (0/88)	0.0 (0/94)	0.0 (0/90)	0.0 (0/0)	0.0 (0/0)	0.0 (0/40)	0.0 (0/5)	0.0 (0/0)	0.0 (0/0)	0.0 (0/0)	0.0 (0/90)	0.0 (0/92)
Panyakoo	-1.1425886	34.223339	0.958 (114/119)	0.0 (0/114)	0.0 (0/108)	1.0 (128/128)	1.0 (119/119)	0.0 (0/114)	0.0 (0/114)	0.0143 (1/70)	0.0 (0/122)	0.0079 (1/127)	0.0 (0/109)	0.0 (0/0)	0.0 (0/132)	0.0 (0/114)	0.0 (0/0)	0.0 (0/0)	0.0 (0/114)	0.0 (0/0)	0.0 (0/124)	0.0 (0/121)	0.0 (0/0)	0.0127 (1/79)	0.0 (0/118)	0.0 (0/131)	0.0 (0/114)	0.0 (0/121)	1.0 (118/118)	0.048 (6/125)	0.0 (0/0)	0.0092 (1/109)	0.0 (0/117)	0.0085 (1/117)	0.9825 (112/114)	0.0 (0/70)	0.0 (0/117)	0.0 (0/117)	0.0 (0/0)	0.0 (0/126)	0.0 (0/109)	0.0 (0/1)	0.0 (0/114)	0.0 (0/114)	0.0 (0/121)	0.0 (0/108)	0.0 (0/132)	0.0088 (1/114)	0.0 (0/121)	0.0 (0/115)	0.0 (0/113)	0.0 (0/0)	0.0085 (1/117)	0.0 (0/114)	0.0 (0/121)	0.0 (0/0)	0.0 (0/0)	0.0 (0/0)	0.0 (0/117)	0.0 (0/131)	0.0 (0/113)	0.0 (0/0)	0.0 (0/0)	0.0 (0/0)	0.0 (0/0)	0.0 (0/121)	0.0 (0/106)	0.0085 (1/117)	0.5923 (77/130)	0.0 (0/0)	0.0 (0/109)	0.0 (0/130)	0.0 (0/113)	0.0 (0/95)	0.0 (0/0)	0.0 (0/122)	0.0 (0/114)	0.0 (0/0)	0.0 (0/0)	0.0095 (1/105)	0.0 (0/117)	0.0 (0/116)	0.0 (0/0)	0.0 (0/0)	0.0 (0/0)	0.0 (0/0)	0.0 (0/0)	0.0 (0/0)	0.0 (0/0)	0.0 (0/116)	0.0 (0/114)
Sunya	-5.7267548	37.096301	0.972 (104/107)	0.0 (0/107)	0.0 (0/107)	0.9439 (101/107)	0.9907 (106/107)	0.0093 (1/107)	0.0 (0/107)	0.0112 (1/89)	0.0093 (1/107)	0.0093 (1/107)	0.0 (0/107)	0.0 (0/0)	0.0 (0/107)	0.0 (0/108)	0.0 (0/0)	0.0 (0/0)	0.0 (0/108)	0.0 (0/4)	0.0 (0/107)	0.0 (0/107)	0.0 (0/0)	0.0104 (1/96)	0.0093 (1/107)	0.0 (0/107)	0.0 (0/108)	0.0 (0/107)	1.0 (107/107)	0.0 (0/108)	0.0 (0/0)	0.0 (0/107)	0.0 (0/107)	0.0 (0/107)	0.9439 (101/107)	0.0 (0/89)	0.0 (0/107)	0.0 (0/107)	0.0 (0/0)	0.0 (0/107)	0.0 (0/107)	0.0 (0/10)	0.0278 (3/108)	0.0 (0/108)	0.0 (0/107)	0.0 (0/107)	0.0 (0/107)	0.0561 (6/107)	0.0 (0/107)	0.0 (0/107)	0.0 (0/107)	0.0 (0/0)	0.0 (0/107)	0.0 (0/108)	0.0 (0/107)	0.0 (0/0)	0.0 (0/0)	0.0 (0/0)	0.0 (0/107)	0.0 (0/108)	0.0 (0/107)	0.0 (0/0)	0.0 (0/0)	0.0 (0/0)	0.0 (0/0)	0.0 (0/107)	0.0 (0/106)	0.0 (0/107)	0.5421 (58/107)	0.0 (0/0)	0.0 (0/107)	0.215 (23/107)	0.0 (0/107)	0.0 (0/105)	0.0 (0/0)	0.0 (0/107)	0.0 (0/107)	0.0 (0/0)	0.0 (0/0)	0.0 (0/105)	0.0 (0/107)	0.0 (0/107)	0.0 (0/0)	0.0 (0/0)	0.0 (0/60)	0.0 (0/4)	0.0 (0/0)	0.0 (0/0)	0.0 (0/0)	0.0 (0/107)	0.0 (0/107)
Bukangara	-1.7191994	31.024272	0.878 (144/164)	0.0 (0/168)	0.0 (0/155)	0.9281 (155/167)	1.0 (164/164)	0.0 (0/168)	0.0 (0/155)	0.0211 (3/142)	0.0 (0/168)	0.0575 (10/174)	0.0 (0/162)	0.0 (0/0)	0.0 (0/179)	0.0 (0/157)	0.0 (0/0)	0.0 (0/0)	0.0 (0/157)	0.0 (0/0)	0.0 (0/170)	0.0 (0/169)	0.0 (0/0)	0.0207 (3/145)	0.0 (0/162)	0.0059 (1/170)	0.0 (0/157)	0.0 (0/169)	1.0 (162/162)	0.3806 (59/155)	0.0 (0/0)	0.0 (0/162)	0.0 (0/164)	0.0305 (5/164)	0.9286 (156/168)	0.0 (0/142)	0.0 (0/164)	0.0061 (1/164)	0.0 (0/0)	0.0 (0/166)	0.0 (0/162)	0.0 (0/3)	0.0 (0/157)	0.0 (0/157)	0.0 (0/169)	0.0 (0/155)	0.0 (0/179)	0.0 (0/168)	0.0 (0/169)	0.0 (0/162)	0.0 (0/157)	0.0 (0/0)	0.0183 (3/164)	0.0 (0/157)	0.0 (0/169)	1.0 (1/1)	0.0 (0/0)	0.0 (0/0)	0.0 (0/164)	0.0 (0/164)	0.0 (0/157)	0.0 (0/0)	0.0 (0/0)	0.0 (0/0)	0.0 (0/0)	0.0 (0/169)	0.0 (0/157)	0.0183 (3/164)	0.491 (82/167)	0.0 (0/0)	0.2284 (37/162)	0.2798 (47/168)	0.0 (0/157)	0.0 (0/156)	0.0 (0/0)	0.0 (0/168)	0.0 (0/155)	0.0 (0/0)	0.0 (0/0)	0.0199 (3/151)	0.0 (0/164)	0.0422 (7/166)	0.0 (0/0)	0.0 (0/0)	0.0 (0/3)	0.0 (0/0)	0.0 (0/0)	0.0 (0/0)	0.0 (0/0)	0.0422 (7/166)	0.0 (0/155)
Lukali	-5.7242638	35.505631	0.9211 (70/76)	0.0 (0/79)	0.0 (0/76)	0.5256 (41/78)	1.0 (76/76)	0.2278 (18/79)	0.0 (0/75)	0.2535 (18/71)	0.2078 (16/77)	0.0 (0/81)	0.0 (0/75)	0.0 (0/0)	0.0 (0/77)	0.0 (0/77)	0.0 (0/0)	0.0 (0/0)	0.0 (0/77)	0.0 (0/0)	0.0 (0/79)	0.0 (0/77)	0.0 (0/0)	0.2192 (16/73)	0.0 (0/77)	0.0 (0/78)	0.0 (0/77)	0.0 (0/77)	1.0 (77/77)	0.0128 (1/78)	0.0 (0/0)	0.0 (0/75)	0.0 (0/77)	0.2597 (20/77)	0.519 (41/79)	0.0 (0/71)	0.0 (0/77)	0.0 (0/77)	0.0 (0/0)	0.0125 (1/80)	0.0 (0/75)	0.0 (0/1)	0.0 (0/77)	0.0 (0/77)	0.0 (0/77)	0.0 (0/76)	0.0 (0/77)	0.2278 (18/79)	0.0 (0/77)	0.0 (0/76)	0.0 (0/76)	0.0 (0/0)	0.2597 (20/77)	0.0 (0/77)	0.0 (0/77)	0.0 (0/0)	0.0 (0/0)	0.0 (0/0)	0.0 (0/77)	0.0 (0/80)	0.0 (0/76)	0.0 (0/0)	0.0 (0/0)	0.0 (0/0)	0.0 (0/0)	0.0 (0/77)	0.0 (0/75)	0.2597 (20/77)	0.2436 (19/78)	0.0 (0/0)	0.0 (0/75)	0.2346 (19/81)	0.0 (0/76)	0.0 (0/73)	0.0 (0/0)	0.0 (0/77)	0.0 (0/75)	0.0 (0/0)	0.0 (0/0)	0.2237 (17/76)	0.0 (0/77)	0.0 (0/78)	0.0 (0/0)	0.0 (0/0)	0.0 (0/16)	0.0 (0/0)	0.0 (0/0)	0.0 (0/0)	0.0 (0/0)	0.0 (0/78)	0.0 (0/75)
Kijungu	-5.4004208	37.185551	1.0 (99/99)	0.0 (0/101)	0.0 (0/100)	0.96 (96/100)	1.0 (99/99)	0.0 (0/101)	0.0 (0/99)	0.0562 (5/89)	0.0 (0/99)	0.0 (0/101)	0.0 (0/99)	0.0 (0/0)	0.0 (0/99)	0.0 (0/99)	0.0 (0/0)	0.0 (0/0)	0.0 (0/99)	0.0 (0/0)	0.0 (0/101)	0.0 (0/101)	0.0 (0/0)	0.0515 (5/97)	0.0 (0/100)	0.0 (0/101)	0.0 (0/99)	0.0 (0/101)	1.0 (100/100)	0.0 (0/101)	0.0 (0/0)	0.0101 (1/99)	0.0 (0/101)	0.0 (0/101)	0.9703 (98/101)	0.0112 (1/89)	0.0 (0/101)	0.0099 (1/101)	0.0 (0/0)	0.0 (0/101)	0.0 (0/99)	0.0 (0/0)	0.0202 (2/99)	0.0 (0/99)	0.0 (0/101)	0.0 (0/100)	0.0 (0/99)	0.0 (0/101)	0.0 (0/101)	0.0 (0/98)	0.0 (0/98)	0.0 (0/0)	0.0 (0/101)	0.0 (0/99)	0.0 (0/101)	0.0 (0/0)	0.0 (0/0)	0.0 (0/0)	0.0 (0/101)	0.0 (0/99)	0.0 (0/98)	0.0 (0/0)	0.0 (0/0)	0.0 (0/0)	0.0 (0/0)	0.0 (0/101)	0.0 (0/99)	0.0 (0/101)	0.66 (66/100)	0.0 (0/0)	0.0 (0/99)	0.202 (20/99)	0.0 (0/98)	0.0 (0/96)	0.0 (0/0)	0.0 (0/99)	0.0 (0/99)	0.0 (0/0)	0.0 (0/0)	0.0 (0/97)	0.0 (0/101)	0.0 (0/99)	0.0 (0/0)	0.0 (0/0)	0.0 (0/27)	0.0 (0/0)	0.0 (0/0)	0.0 (0/0)	0.0 (0/0)	0.0 (0/99)	0.0 (0/99)
Charambe	-6.9232609	39.255531	0.9885 (86/87)	0.0 (0/88)	0.0 (0/85)	0.8864 (78/88)	1.0 (87/87)	0.0341 (3/88)	0.0 (0/83)	0.0 (0/76)	0.0345 (3/87)	0.0 (0/94)	0.0 (0/84)	0.0 (0/0)	0.0 (0/95)	0.0 (0/86)	0.0 (0/0)	0.0 (0/0)	0.0 (0/86)	0.0 (0/0)	0.0 (0/89)	0.0 (0/89)	0.0 (0/0)	0.0 (0/82)	0.0 (0/88)	0.0 (0/90)	0.0 (0/86)	0.0 (0/89)	1.0 (88/88)	0.0 (0/86)	0.0 (0/0)	0.0 (0/84)	0.0 (0/86)	0.0 (0/86)	0.9091 (80/88)	0.0 (0/76)	0.0 (0/86)	0.0116 (1/86)	0.0 (0/0)	0.0 (0/88)	0.0 (0/84)	0.0 (0/0)	0.0 (0/86)	0.0 (0/86)	0.0 (0/89)	0.0 (0/85)	0.0 (0/95)	0.0455 (4/88)	0.0 (0/89)	0.0 (0/86)	0.0 (0/83)	0.0 (0/0)	0.0 (0/86)	0.0 (0/86)	0.0 (0/89)	0.0 (0/0)	0.0 (0/0)	0.0 (0/0)	0.0 (0/86)	0.0 (0/89)	0.0 (0/83)	0.0 (0/0)	0.0 (0/0)	0.0 (0/0)	0.0 (0/0)	0.0 (0/89)	0.0 (0/82)	0.0 (0/86)	0.663 (61/92)	0.0 (0/0)	0.0 (0/84)	0.0909 (8/88)	0.0 (0/83)	0.0123 (1/81)	0.0 (0/0)	0.0 (0/87)	0.0 (0/83)	0.0 (0/0)	0.0 (0/0)	0.0119 (1/84)	0.0 (0/86)	0.0 (0/89)	0.0 (0/0)	0.0 (0/0)	0.0 (0/3)	0.0 (0/0)	0.0 (0/0)	0.0 (0/0)	0.0 (0/0)	0.0 (0/89)	0.0 (0/83)
Liugai	-10.38	34.8475	0.92 (92/100)	0.0 (0/100)	0.0 (0/100)	0.93 (93/100)	0.99 (99/100)	0.0 (0/100)	0.0 (0/100)	0.0426 (4/94)	0.0 (0/101)	0.0 (0/101)	0.0 (0/100)	0.0 (0/0)	0.0 (0/100)	0.0 (0/100)	0.0 (0/0)	0.0 (0/0)	0.0 (0/100)	0.0 (0/5)	0.0 (0/101)	0.0 (0/100)	0.0 (0/0)	0.0698 (6/86)	0.0 (0/100)	0.0 (0/101)	0.0 (0/100)	0.0 (0/100)	1.0 (100/100)	0.0 (0/100)	0.0 (0/0)	0.0 (0/100)	0.0 (0/101)	0.0594 (6/101)	0.93 (93/100)	0.0 (0/94)	0.0 (0/101)	0.0198 (2/101)	0.0 (0/0)	0.0 (0/101)	0.0 (0/100)	0.0 (0/4)	0.0 (0/100)	0.0 (0/100)	0.0 (0/100)	0.0 (0/100)	0.0 (0/100)	0.03 (3/100)	0.0 (0/100)	0.0 (0/96)	0.0 (0/100)	0.0 (0/0)	0.0594 (6/101)	0.0 (0/100)	0.0 (0/100)	0.0 (0/0)	0.0 (0/0)	0.0 (0/0)	0.0 (0/101)	0.0 (0/101)	0.0 (0/100)	0.0 (0/0)	0.0 (0/0)	0.0 (0/0)	0.0 (0/0)	0.0 (0/100)	0.0 (0/100)	0.0594 (6/101)	0.51 (51/100)	0.0 (0/0)	0.0 (0/100)	0.0099 (1/101)	0.0 (0/100)	0.0 (0/96)	0.0 (0/0)	0.0 (0/101)	0.0 (0/100)	0.0 (0/0)	0.0 (0/0)	0.05 (5/100)	0.0 (0/101)	0.04 (4/100)	0.0 (0/0)	0.0 (0/0)	0.0 (0/29)	0.0 (0/5)	0.0 (0/0)	0.0 (0/0)	0.0 (0/0)	0.04 (4/100)	0.0 (0/100)
Lumesule	-10.917025	38.021471	0.9405 (79/84)	0.0141 (1/71)	0.0 (0/82)	0.8209 (55/67)	0.9643 (81/84)	0.0 (0/71)	0.0 (0/79)	0.0196 (1/51)	0.0109 (1/92)	0.0 (0/85)	0.0 (0/75)	0.0 (0/0)	0.0 (0/103)	0.0 (0/76)	0.0 (0/0)	0.0 (0/0)	0.0 (0/76)	0.0 (0/1)	0.0 (0/81)	0.0 (0/86)	0.0 (0/0)	0.0 (0/61)	0.0 (0/72)	0.0 (0/89)	0.0 (0/76)	0.0 (0/86)	1.0 (72/72)	0.0 (0/73)	0.0 (0/0)	0.0 (0/75)	0.0 (0/87)	0.0 (0/87)	0.7746 (55/71)	0.0 (0/51)	0.0 (0/87)	0.0 (0/87)	0.0 (0/0)	0.0 (0/88)	0.0 (0/75)	0.0 (0/4)	0.0 (0/76)	0.0 (0/76)	0.0 (0/86)	0.0 (0/82)	0.0 (0/103)	0.2394 (17/71)	0.0 (0/86)	0.0 (0/80)	0.0 (0/82)	0.0 (0/0)	0.0 (0/87)	0.0 (0/76)	0.0 (0/86)	0.0 (0/0)	0.0 (0/0)	0.0 (0/0)	0.0 (0/87)	0.0 (0/86)	0.0 (0/82)	0.0 (0/0)	0.0 (0/0)	0.0 (0/0)	0.0 (0/0)	0.0 (0/86)	0.0 (0/60)	0.0 (0/87)	0.6667 (62/93)	0.0 (0/0)	0.0 (0/75)	0.0109 (1/92)	0.0 (0/82)	0.0 (0/63)	0.0 (0/0)	0.0 (0/92)	0.0 (0/79)	0.0 (0/0)	0.0 (0/0)	0.0 (0/72)	0.0 (0/87)	0.0 (0/66)	0.0 (0/0)	0.0 (0/0)	0.0 (0/28)	0.0 (0/1)	0.0 (0/0)	0.0 (0/0)	0.0 (0/0)	0.0 (0/66)	0.0 (0/79)
Mkutimango	-10.490095	39.840446	0.9429 (99/105)	0.0127 (1/79)	0.0 (0/105)	0.9412 (64/68)	0.9429 (99/105)	0.0 (0/79)	0.0 (0/102)	0.0 (0/22)	0.0085 (1/117)	0.0091 (1/110)	0.0 (0/92)	0.0 (0/0)	0.0 (0/136)	0.0 (0/93)	0.0 (0/0)	0.0 (0/0)	0.0 (0/93)	0.0 (0/0)	0.0 (0/105)	0.0 (0/107)	0.0 (0/0)	0.0 (0/51)	0.0104 (1/96)	0.0 (0/115)	0.0 (0/93)	0.0 (0/107)	1.0 (96/96)	0.0 (0/96)	0.0 (0/0)	0.0 (0/92)	0.0 (0/112)	0.0 (0/112)	0.9241 (73/79)	0.0 (0/22)	0.0 (0/112)	0.0089 (1/112)	0.0 (0/0)	0.0 (0/117)	0.0 (0/92)	0.0 (0/0)	0.0 (0/93)	0.0 (0/93)	0.0 (0/107)	0.0 (0/105)	0.0 (0/136)	0.0633 (5/79)	0.0 (0/107)	0.0 (0/103)	0.0 (0/97)	0.0 (0/0)	0.0 (0/112)	0.0 (0/93)	0.0 (0/107)	0.0 (0/0)	0.0 (0/0)	0.0 (0/0)	0.0 (0/112)	0.0 (0/107)	0.0 (0/97)	0.0 (0/0)	0.0 (0/0)	0.0 (0/0)	0.0 (0/0)	0.0 (0/107)	0.0 (0/61)	0.0 (0/112)	0.5 (62/124)	0.0 (0/0)	0.0 (0/92)	0.0 (0/119)	0.0 (0/97)	0.0 (0/63)	0.0 (0/0)	0.0 (0/117)	0.0 (0/102)	0.0 (0/0)	0.0 (0/0)	0.011 (1/91)	0.0 (0/112)	0.0 (0/72)	0.0 (0/0)	0.0 (0/0)	0.0 (0/0)	0.0 (0/0)	0.0 (0/0)	0.0 (0/0)	0.0 (0/0)	0.0 (0/72)	0.0 (0/102)
Lifua	-10.378442	34.784205	0.9022 (83/92)	0.0 (0/93)	0.0 (0/91)	0.9121 (83/91)	0.9565 (88/92)	0.0 (0/93)	0.0 (0/92)	0.0 (0/84)	0.0 (0/93)	0.0 (0/92)	0.0 (0/91)	0.0 (0/0)	0.0 (0/93)	0.0 (0/93)	0.0 (0/0)	0.0 (0/0)	0.0 (0/93)	0.0 (0/3)	0.0 (0/94)	0.0 (0/93)	0.0 (0/0)	0.0112 (1/89)	0.0 (0/92)	0.0 (0/91)	0.0 (0/93)	0.0 (0/93)	0.9565 (88/92)	0.0 (0/93)	0.0 (0/0)	0.011 (1/91)	0.0 (0/93)	0.0 (0/93)	0.9032 (84/93)	0.0 (0/84)	0.0108 (1/93)	0.0 (0/93)	0.0 (0/0)	0.0 (0/94)	0.0 (0/91)	0.0 (0/1)	0.0 (0/93)	0.0 (0/93)	0.0 (0/93)	0.011 (1/91)	0.0 (0/93)	0.086 (8/93)	0.0 (0/93)	0.0 (0/87)	0.0 (0/92)	0.0 (0/0)	0.0 (0/93)	0.0 (0/93)	0.0 (0/93)	1.0 (1/1)	0.0 (0/0)	0.0 (0/0)	0.0 (0/93)	0.0 (0/94)	0.0 (0/92)	0.0 (0/0)	0.0 (0/0)	0.0 (0/2)	0.0 (0/0)	0.0 (0/93)	0.0 (0/90)	0.0 (0/93)	0.5978 (55/92)	0.0 (0/0)	0.0 (0/91)	0.0737 (7/95)	0.0 (0/92)	0.0 (0/89)	0.0 (0/0)	0.0 (0/93)	0.0 (0/92)	0.0 (0/0)	0.0 (0/0)	0.0 (0/92)	0.0 (0/93)	0.0 (0/92)	0.0 (0/0)	0.0 (0/0)	0.0 (0/33)	0.0 (0/3)	0.0 (0/0)	0.0 (0/0)	0.0 (0/0)	0.0 (0/92)	0.0 (0/92)
Nshamba	-1.8032641	31.550203	0.8961 (69/77)	0.0 (0/79)	0.0 (0/64)	0.8571 (72/84)	0.987 (76/77)	0.0 (0/79)	0.0 (0/66)	0.0 (0/29)	0.0 (0/80)	0.0 (0/82)	0.0 (0/69)	0.0 (0/0)	0.0 (0/85)	0.0 (0/67)	0.0 (0/0)	0.0 (0/0)	0.0 (0/67)	0.0 (0/0)	0.0 (0/80)	0.0 (0/82)	0.0 (0/0)	0.0204 (1/49)	0.0 (0/69)	0.0 (0/85)	0.0 (0/67)	0.0 (0/82)	1.0 (69/69)	0.0274 (2/73)	0.0 (0/0)	0.0 (0/69)	0.0 (0/76)	0.0132 (1/76)	0.9114 (72/79)	0.0 (0/29)	0.0 (0/76)	0.0 (0/76)	0.0 (0/0)	0.0 (0/84)	0.0 (0/69)	0.0 (0/0)	0.0 (0/67)	0.0 (0/67)	0.0 (0/82)	0.0 (0/64)	0.0 (0/85)	0.0127 (1/79)	0.0 (0/82)	0.0 (0/75)	0.0 (0/77)	0.0 (0/0)	0.0132 (1/76)	0.0 (0/67)	0.0 (0/82)	0.0 (0/0)	0.0 (0/0)	0.0 (0/0)	0.0 (0/76)	0.0 (0/83)	0.0 (0/77)	0.0 (0/0)	0.0 (0/0)	0.0 (0/0)	0.0 (0/0)	0.0 (0/82)	0.0 (0/65)	0.0132 (1/76)	0.525 (42/80)	0.0 (0/0)	0.1014 (7/69)	0.0375 (3/80)	0.0 (0/77)	0.0 (0/50)	0.0 (0/0)	0.0 (0/80)	0.0 (0/66)	0.0 (0/0)	0.0 (0/0)	0.0508 (3/59)	0.0 (0/76)	0.0 (0/71)	0.0 (0/0)	0.0 (0/0)	0.0 (0/0)	0.0 (0/0)	0.0 (0/0)	0.0 (0/0)	0.0 (0/0)	0.0 (0/71)	0.0 (0/66)
Miguwa	-4.20857	33.3028	0.9122 (135/148)	0.0 (0/146)	0.0 (0/135)	0.9792 (141/144)	0.9865 (146/148)	0.0 (0/146)	0.0 (0/135)	0.0128 (1/78)	0.0 (0/147)	0.0132 (2/152)	0.0 (0/144)	0.0 (0/0)	0.0 (0/155)	0.0 (0/144)	0.0 (0/0)	0.0 (0/0)	0.0 (0/144)	0.0 (0/0)	0.0 (0/154)	0.0 (0/152)	0.0 (0/0)	0.0088 (1/113)	0.0066 (1/152)	0.0 (0/153)	0.0 (0/144)	0.0 (0/152)	1.0 (152/152)	0.0 (0/149)	0.0 (0/0)	0.0069 (1/144)	0.0 (0/145)	0.0 (0/145)	0.9726 (142/146)	0.0 (0/78)	0.0 (0/145)	0.0 (0/145)	0.0 (0/0)	0.0 (0/156)	0.0 (0/144)	0.0 (0/0)	0.0 (0/144)	0.0 (0/144)	0.0 (0/152)	0.0 (0/135)	0.0 (0/155)	0.0137 (2/146)	0.0 (0/152)	0.0 (0/141)	0.0 (0/142)	0.0 (0/0)	0.0 (0/145)	0.0 (0/144)	0.0 (0/152)	0.0 (0/0)	0.0 (0/0)	0.0 (0/0)	0.0 (0/145)	0.0 (0/150)	0.0 (0/142)	0.0 (0/0)	0.0 (0/0)	0.0 (0/0)	0.0 (0/0)	0.0 (0/152)	0.0 (0/121)	0.0 (0/145)	0.5419 (84/155)	0.0 (0/0)	0.0 (0/144)	0.0133 (2/150)	0.0 (0/142)	0.0 (0/118)	0.0 (0/0)	0.0 (0/147)	0.0 (0/135)	0.0 (0/0)	0.0 (0/0)	0.0148 (2/135)	0.0 (0/145)	0.0 (0/140)	0.0 (0/0)	0.0 (0/0)	0.0 (0/5)	0.0 (0/0)	0.0 (0/0)	0.0 (0/0)	0.0 (0/0)	0.0 (0/140)	0.0 (0/135)
Izengabatogilwe	-5.2620742	32.281595	0.8904 (65/73)	0.0 (0/72)	0.0 (0/50)	1.0 (65/65)	1.0 (73/73)	0.0 (0/72)	0.0 (0/56)	0.0 (0/40)	0.0 (0/69)	0.0 (0/75)	0.0 (0/58)	0.0 (0/0)	0.0 (0/76)	0.0 (0/64)	0.0 (0/0)	0.0 (0/0)	0.0 (0/64)	0.0 (0/0)	0.0 (0/79)	0.0 (0/74)	0.0 (0/0)	0.0 (0/44)	0.0 (0/67)	0.0 (0/78)	0.0 (0/64)	0.0 (0/74)	1.0 (67/67)	0.0141 (1/71)	0.0 (0/0)	0.0 (0/58)	0.0 (0/67)	0.0 (0/67)	0.9861 (71/72)	0.0 (0/40)	0.0 (0/67)	0.0 (0/67)	0.0 (0/0)	0.0 (0/78)	0.0 (0/58)	0.0 (0/0)	0.0 (0/64)	0.0 (0/64)	0.0 (0/74)	0.0 (0/50)	0.0 (0/76)	0.0 (0/72)	0.0 (0/74)	0.0 (0/66)	0.0 (0/61)	0.0 (0/0)	0.0 (0/67)	0.0 (0/64)	0.0135 (1/74)	0.0 (0/0)	0.0 (0/0)	0.0 (0/0)	0.0 (0/67)	0.0 (0/73)	0.0 (0/61)	0.0 (0/0)	0.0 (0/0)	0.0 (0/0)	0.0 (0/0)	0.0 (0/74)	0.0 (0/51)	0.0 (0/67)	0.4459 (33/74)	0.0 (0/0)	0.0 (0/58)	0.0278 (2/72)	0.0 (0/61)	0.0 (0/52)	0.0 (0/0)	0.0 (0/69)	0.0 (0/56)	0.0 (0/0)	0.0 (0/0)	0.0204 (1/49)	0.0 (0/67)	0.0 (0/69)	0.0 (0/0)	0.0 (0/0)	0.0 (0/0)	0.0 (0/0)	0.0 (0/0)	0.0 (0/0)	0.0 (0/0)	0.0 (0/69)	0.0 (0/56)
Tundwi Songani	-7.1006335	39.432693	1.0 (38/38)	0.0 (0/37)	0.0 (0/32)	0.8947 (34/38)	1.0 (38/38)	0.0541 (2/37)	0.0 (0/30)	0.0 (0/28)	0.0526 (2/38)	0.027 (1/37)	0.0 (0/34)	0.0 (0/0)	0.0 (0/38)	0.0 (0/38)	0.0 (0/0)	0.0 (0/0)	0.0 (0/38)	0.0 (0/0)	0.0 (0/37)	0.0 (0/37)	0.0 (0/0)	0.0 (0/32)	0.0 (0/36)	0.0 (0/37)	0.0 (0/38)	0.0 (0/37)	1.0 (36/36)	0.0 (0/37)	0.0 (0/0)	0.0 (0/34)	0.0 (0/35)	0.0 (0/35)	0.9189 (34/37)	0.0 (0/28)	0.0 (0/35)	0.0 (0/35)	0.0 (0/0)	0.0 (0/38)	0.0 (0/34)	0.0 (0/0)	0.0 (0/38)	0.0 (0/38)	0.0 (0/37)	0.0 (0/32)	0.0 (0/38)	0.0811 (3/37)	0.0 (0/37)	0.0 (0/34)	0.0 (0/36)	0.0 (0/0)	0.0 (0/35)	0.0 (0/38)	0.0 (0/37)	0.0 (0/0)	0.0 (0/0)	0.0 (0/0)	0.0 (0/35)	0.0 (0/38)	0.0 (0/36)	0.0 (0/0)	0.0 (0/0)	0.0 (0/0)	0.0 (0/0)	0.0 (0/37)	0.0 (0/31)	0.0 (0/35)	0.3947 (15/38)	0.0 (0/0)	0.0 (0/34)	0.0513 (2/39)	0.0 (0/36)	0.0 (0/33)	0.0 (0/0)	0.0 (0/38)	0.0 (0/30)	0.0 (0/0)	0.0 (0/0)	0.0312 (1/32)	0.0 (0/35)	0.0 (0/36)	0.0 (0/0)	0.0 (0/0)	0.0 (0/0)	0.0 (0/0)	0.0 (0/0)	0.0 (0/0)	0.0 (0/0)	0.0 (0/36)	0.0 (0/30)
Chitare	-1.899901	33.394061	0.9286 (130/140)	0.0 (0/138)	0.0 (0/134)	0.9565 (132/138)	0.9929 (139/140)	0.0 (0/138)	0.0 (0/136)	0.0 (0/105)	0.0 (0/142)	0.027 (4/148)	0.0 (0/137)	0.0 (0/0)	0.0 (0/148)	0.0 (0/136)	0.0 (0/0)	0.0 (0/0)	0.0 (0/136)	0.0 (0/0)	0.0 (0/150)	0.0 (0/147)	0.0 (0/0)	0.0 (0/114)	0.0073 (1/137)	0.0 (0/149)	0.0 (0/136)	0.0 (0/147)	1.0 (137/137)	0.0441 (6/136)	0.0 (0/0)	0.0292 (4/137)	0.0 (0/135)	0.0 (0/135)	0.942 (130/138)	0.0095 (1/105)	0.0 (0/135)	0.0 (0/135)	0.0 (0/0)	0.0 (0/151)	0.0 (0/137)	0.0 (0/3)	0.0 (0/136)	0.0 (0/136)	0.0 (0/147)	0.0 (0/134)	0.0 (0/148)	0.029 (4/138)	0.0 (0/147)	0.0 (0/137)	0.0 (0/140)	0.0 (0/0)	0.0 (0/135)	0.0 (0/136)	0.0 (0/147)	0.0 (0/0)	0.0 (0/0)	0.0 (0/0)	0.0 (0/135)	0.0 (0/146)	0.0 (0/140)	0.0 (0/0)	0.0 (0/0)	0.0 (0/0)	0.0 (0/0)	0.0 (0/147)	0.0 (0/130)	0.0 (0/135)	0.6853 (98/143)	0.0 (0/0)	0.0 (0/137)	0.0069 (1/145)	0.0 (0/140)	0.0 (0/126)	0.0 (0/0)	0.0 (0/142)	0.0 (0/136)	0.0 (0/0)	0.0 (0/0)	0.0 (0/127)	0.0 (0/135)	0.0 (0/133)	0.0 (0/0)	0.0 (0/0)	0.0 (0/0)	0.0 (0/0)	0.0 (0/0)	0.0 (0/0)	0.0 (0/0)	0.0 (0/133)	0.0 (0/136)
Udende	-8.09646	32.6163	0.9467 (71/75)	0.0 (0/66)	0.0 (0/73)	0.9833 (59/60)	1.0 (75/75)	0.0 (0/66)	0.0 (0/69)	0.0 (0/21)	0.0 (0/81)	0.0 (0/77)	0.0 (0/68)	0.0 (0/0)	0.0 (0/100)	0.0 (0/69)	0.0 (0/0)	0.0 (0/0)	0.0 (0/69)	0.0 (0/0)	0.0 (0/77)	0.0 (0/80)	0.0 (0/0)	0.0732 (3/41)	0.0 (0/59)	0.0 (0/84)	0.0 (0/69)	0.0 (0/80)	1.0 (59/59)	0.0 (0/58)	0.0 (0/0)	0.0 (0/68)	0.0 (0/81)	0.0 (0/81)	0.9848 (65/66)	0.0 (0/21)	0.0 (0/81)	0.0 (0/81)	0.0 (0/0)	0.0 (0/85)	0.0 (0/68)	0.0 (0/1)	0.0 (0/69)	0.0 (0/69)	0.0 (0/80)	0.0 (0/73)	0.0 (0/100)	0.0 (0/66)	0.0 (0/80)	0.0 (0/73)	0.0 (0/74)	0.0 (0/0)	0.0 (0/81)	0.0 (0/69)	0.0 (0/80)	0.0 (0/0)	0.0 (0/0)	0.0 (0/0)	0.0 (0/81)	0.0 (0/79)	0.0 (0/74)	0.0 (0/0)	0.0 (0/0)	0.0 (0/0)	0.0 (0/0)	0.0 (0/80)	0.0 (0/56)	0.0 (0/81)	0.6264 (57/91)	0.0 (0/0)	0.0 (0/68)	0.0964 (8/83)	0.0 (0/74)	0.0 (0/45)	0.0 (0/0)	0.0 (0/81)	0.0 (0/69)	0.0 (0/0)	0.0 (0/0)	0.0536 (3/56)	0.0 (0/81)	0.0 (0/52)	0.0 (0/0)	0.0 (0/0)	0.0 (0/9)	0.0 (0/0)	0.0 (0/0)	0.0 (0/0)	0.0 (0/0)	0.0 (0/52)	0.0 (0/69)
Pasua	-3.3704285	37.338828	0.9545 (42/44)	0.0 (0/45)	0.0 (0/44)	0.9333 (42/45)	0.9773 (43/44)	0.0222 (1/45)	0.0 (0/45)	0.0233 (1/43)	0.0222 (1/45)	0.0222 (1/45)	0.0 (0/45)	0.0 (0/0)	0.0 (0/46)	0.0 (0/45)	0.0 (0/0)	0.0 (0/0)	0.0 (0/45)	0.0 (0/1)	0.0 (0/45)	0.0 (0/46)	0.0 (0/0)	0.0227 (1/44)	0.0 (0/45)	0.0 (0/46)	0.0 (0/45)	0.0 (0/46)	0.9778 (44/45)	0.0 (0/46)	0.0 (0/0)	0.0222 (1/45)	0.0 (0/45)	0.0 (0/45)	0.9333 (42/45)	0.0233 (1/43)	0.0 (0/45)	0.0222 (1/45)	0.0 (0/0)	0.0 (0/46)	0.0 (0/45)	0.0 (0/3)	0.0 (0/45)	0.0 (0/45)	0.0 (0/46)	0.0 (0/44)	0.0 (0/46)	0.0222 (1/45)	0.0 (0/46)	0.0 (0/43)	0.0 (0/45)	0.0 (0/0)	0.0 (0/45)	0.0 (0/45)	0.0 (0/46)	0.0 (0/0)	0.0 (0/0)	0.0 (0/0)	0.0 (0/45)	0.0 (0/46)	0.0 (0/45)	0.0 (0/0)	0.0 (0/0)	0.0 (0/0)	0.0 (0/0)	0.0 (0/46)	0.0 (0/45)	0.0 (0/45)	0.6667 (30/45)	0.0 (0/0)	0.0 (0/45)	0.3333 (15/45)	0.0 (0/45)	0.0 (0/45)	0.0 (0/0)	0.0 (0/45)	0.0 (0/45)	0.0 (0/0)	0.0 (0/0)	0.0222 (1/45)	0.0 (0/45)	0.0 (0/45)	0.0 (0/0)	0.0 (0/0)	0.0 (0/14)	0.0 (0/1)	0.0 (0/0)	0.0 (0/0)	0.0 (0/0)	0.0 (0/45)	0.0 (0/45)
Igoweko	-4.7476585	33.605461	0.9494 (169/178)	0.0 (0/173)	0.0 (0/168)	0.9598 (167/174)	0.9944 (177/178)	0.0 (0/173)	0.0 (0/166)	0.0072 (1/138)	0.0 (0/184)	0.0604 (11/182)	0.0 (0/167)	0.0 (0/0)	0.0 (0/187)	0.0 (0/170)	0.0 (0/0)	0.0 (0/0)	0.0 (0/170)	0.0 (0/0)	0.0 (0/181)	0.0 (0/184)	0.0 (0/0)	0.0 (0/153)	0.0 (0/177)	0.0 (0/181)	0.0 (0/170)	0.0 (0/184)	1.0 (177/177)	0.0 (0/174)	0.0 (0/0)	0.0 (0/167)	0.0 (0/172)	0.0 (0/172)	0.9595 (166/173)	0.0 (0/138)	0.0058 (1/172)	0.0 (0/172)	0.0 (0/0)	0.0 (0/184)	0.0 (0/167)	0.0 (0/1)	0.0 (0/170)	0.0 (0/170)	0.0 (0/184)	0.0 (0/168)	0.0 (0/187)	0.0231 (4/173)	0.0 (0/184)	0.0057 (1/174)	0.0 (0/175)	0.0 (0/0)	0.0 (0/172)	0.0 (0/170)	0.0 (0/184)	0.0 (0/1)	0.0 (0/0)	0.0 (0/0)	0.0 (0/172)	0.0 (0/184)	0.0 (0/175)	0.0 (0/0)	0.0 (0/0)	0.0 (0/0)	0.0 (0/0)	0.0 (0/184)	0.0 (0/163)	0.0 (0/172)	0.65 (117/180)	0.0 (0/0)	0.0 (0/167)	0.0273 (5/183)	0.0 (0/175)	0.0 (0/157)	0.0 (0/0)	0.0 (0/184)	0.0 (0/166)	0.0 (0/0)	0.0 (0/0)	0.0 (0/156)	0.0 (0/172)	0.0057 (1/174)	0.0 (0/0)	0.0 (0/0)	0.0 (0/0)	0.0 (0/0)	0.0 (0/0)	0.0 (0/0)	0.0 (0/0)	0.0057 (1/174)	0.0 (0/166)
Mkunya	-10.9837	39.3832	0.9796 (144/147)	0.0076 (1/132)	0.0 (0/138)	0.7863 (103/131)	0.966 (142/147)	0.0 (0/132)	0.0 (0/136)	0.0169 (1/59)	0.0263 (4/152)	0.013 (2/154)	0.0 (0/133)	0.0 (0/0)	0.0063 (1/160)	0.0 (0/139)	0.0 (0/1)	0.0 (0/0)	0.0 (0/139)	0.0 (0/1)	0.0 (0/146)	0.0 (0/153)	0.0 (0/0)	0.01 (1/100)	0.0 (0/140)	0.0 (0/152)	0.0 (0/139)	0.0 (0/153)	1.0 (140/140)	0.0 (0/141)	0.0 (0/1)	0.0075 (1/133)	0.0 (0/150)	0.02 (3/150)	0.8182 (108/132)	0.0 (0/59)	0.0067 (1/150)	0.0067 (1/150)	0.0 (0/1)	0.0064 (1/157)	0.0 (0/133)	0.0 (0/0)	0.0 (0/139)	0.0 (0/139)	0.0 (0/153)	0.0 (0/138)	0.0 (0/160)	0.0227 (3/132)	0.0 (0/153)	0.0 (0/143)	0.0 (0/144)	0.0 (0/0)	0.0067 (1/150)	0.0 (0/139)	0.0 (0/153)	0.0 (0/0)	0.0 (0/0)	0.0 (0/0)	0.0 (0/150)	0.0 (0/154)	0.0 (0/144)	0.0 (0/0)	0.0 (0/0)	0.0 (0/0)	0.0 (0/0)	0.0 (0/153)	0.0 (0/114)	0.0067 (1/150)	0.5806 (90/155)	0.0 (0/0)	0.0 (0/133)	0.0066 (1/152)	0.0 (0/144)	0.0 (0/114)	0.0 (0/0)	0.0 (0/152)	0.0 (0/136)	0.0 (0/1)	0.0 (0/1)	0.0077 (1/130)	0.0 (0/150)	0.0 (0/140)	0.0 (0/0)	0.0 (0/0)	0.0 (0/0)	0.0 (0/1)	0.0 (0/0)	0.0 (0/0)	0.0 (0/1)	0.0 (0/140)	0.0 (0/136)
Mwenge	-6.7668688	39.231749	0.8202 (73/89)	0.0 (0/90)	0.0 (0/82)	0.9318 (82/88)	1.0 (89/89)	0.0667 (6/90)	0.0 (0/83)	0.0 (0/76)	0.0674 (6/89)	0.0 (0/92)	0.0 (0/85)	0.0 (0/0)	0.0 (0/91)	0.0 (0/85)	0.0 (0/0)	0.0 (0/0)	0.0 (0/85)	0.0 (0/0)	0.0 (0/94)	0.0 (0/91)	0.0 (0/0)	0.0 (0/83)	0.0 (0/88)	0.0 (0/88)	0.0 (0/85)	0.0 (0/91)	1.0 (88/88)	0.0899 (8/89)	0.0 (0/0)	0.0 (0/85)	0.0 (0/86)	0.0233 (2/86)	0.9333 (84/90)	0.0 (0/76)	0.0 (0/86)	0.0 (0/86)	0.0 (0/0)	0.0 (0/93)	0.0 (0/85)	0.0 (0/0)	0.0 (0/85)	0.0 (0/85)	0.0 (0/91)	0.0 (0/82)	0.0 (0/91)	0.0667 (6/90)	0.0 (0/91)	0.0 (0/87)	0.0 (0/85)	0.0 (0/0)	0.0 (0/86)	0.0 (0/85)	0.0 (0/91)	0.0 (0/0)	0.0 (0/0)	0.0 (0/0)	0.0 (0/86)	0.0 (0/92)	0.0 (0/85)	0.0 (0/0)	0.0 (0/0)	0.0 (0/0)	0.0 (0/0)	0.0 (0/91)	0.0 (0/78)	0.0 (0/86)	0.5 (44/88)	0.0 (0/0)	0.0 (0/85)	0.1236 (11/89)	0.0 (0/85)	0.0 (0/75)	0.0 (0/0)	0.0 (0/89)	0.0 (0/83)	0.0 (0/0)	0.0 (0/0)	0.0 (0/80)	0.0 (0/86)	0.0 (0/90)	0.0 (0/0)	0.0 (0/0)	0.0 (0/0)	0.0 (0/0)	0.0 (0/0)	0.0 (0/0)	0.0 (0/0)	0.0 (0/90)	0.0 (0/83)
Chivu	-2.4975722	30.598627	0.8602 (80/93)	0.0 (0/93)	0.0 (0/79)	0.9451 (86/91)	0.9892 (92/93)	0.0 (0/93)	0.0 (0/86)	0.25 (14/56)	0.0 (0/92)	0.0316 (3/95)	0.012 (1/83)	0.0 (0/0)	0.0 (0/94)	0.0 (0/90)	0.0 (0/0)	0.0 (0/0)	0.0 (0/90)	0.0 (0/0)	0.0 (0/95)	0.0 (0/96)	0.0 (0/0)	0.1972 (14/71)	0.0109 (1/92)	0.0 (0/94)	0.0 (0/90)	0.0104 (1/96)	1.0 (92/92)	0.1383 (13/94)	0.0 (0/0)	0.012 (1/83)	0.0 (0/94)	0.2447 (23/94)	0.9355 (87/93)	0.0 (0/56)	0.0 (0/94)	0.0 (0/94)	0.0 (0/0)	0.0 (0/98)	0.0 (0/83)	0.0 (0/0)	0.0 (0/90)	0.0 (0/90)	0.0 (0/96)	0.0 (0/79)	0.0 (0/94)	0.0 (0/93)	0.0 (0/96)	0.0 (0/90)	0.0 (0/89)	0.0 (0/0)	0.2447 (23/94)	0.0 (0/90)	0.0 (0/96)	0.0 (0/0)	0.0 (0/0)	0.0 (0/0)	0.0 (0/94)	0.0 (0/94)	0.0 (0/89)	0.0 (0/0)	0.0 (0/0)	0.0 (0/0)	0.0 (0/0)	0.0 (0/96)	0.0 (0/79)	0.2447 (23/94)	0.4681 (44/94)	0.0 (0/0)	0.012 (1/83)	0.3077 (28/91)	0.0 (0/89)	0.0 (0/70)	0.0 (0/0)	0.0 (0/92)	0.0 (0/86)	0.0 (0/0)	0.0 (0/0)	0.2133 (16/75)	0.0 (0/94)	0.0 (0/87)	0.0 (0/0)	0.0 (0/0)	0.0 (0/0)	0.0 (0/0)	0.0 (0/0)	0.0 (0/0)	0.0 (0/0)	0.0 (0/87)	0.0 (0/86)
Nyenjele	-8.9445837	32.372691	0.9588 (93/97)	0.0 (0/95)	0.0 (0/93)	0.9375 (90/96)	0.9897 (96/97)	0.0 (0/95)	0.0 (0/92)	0.0 (0/65)	0.0 (0/95)	0.0108 (1/93)	0.0 (0/96)	0.0 (0/0)	0.0 (0/97)	0.0 (0/94)	0.0 (0/0)	0.0 (0/0)	0.0 (0/94)	0.0 (0/0)	0.0 (0/96)	0.0 (0/97)	0.0 (0/0)	0.0 (0/77)	0.0 (0/92)	0.0106 (1/94)	0.0 (0/94)	0.0 (0/97)	1.0 (92/92)	0.0 (0/92)	0.0 (0/0)	0.0 (0/96)	0.0 (0/92)	0.0109 (1/92)	0.9579 (91/95)	0.0 (0/65)	0.0 (0/92)	0.0109 (1/92)	0.0 (0/0)	0.0 (0/95)	0.0 (0/96)	0.0 (0/0)	0.0 (0/94)	0.0 (0/94)	0.0 (0/97)	0.0 (0/93)	0.0 (0/97)	0.0 (0/95)	0.0 (0/97)	0.0 (0/93)	0.0 (0/95)	0.0 (0/0)	0.0 (0/92)	0.0 (0/94)	0.0 (0/97)	0.0 (0/0)	0.0 (0/0)	0.0 (0/0)	0.0 (0/92)	0.0 (0/96)	0.0 (0/95)	0.0 (0/0)	0.0 (0/0)	0.0 (0/0)	0.0 (0/0)	0.0 (0/97)	0.0 (0/92)	0.0 (0/92)	0.6082 (59/97)	0.0 (0/0)	0.0 (0/96)	0.0104 (1/96)	0.0 (0/95)	0.0 (0/85)	0.0 (0/0)	0.0 (0/95)	0.0 (0/92)	0.0 (0/0)	0.0 (0/0)	0.0 (0/89)	0.0 (0/92)	0.0 (0/92)	0.0 (0/0)	0.0 (0/0)	0.0 (0/0)	0.0 (0/0)	0.0 (0/0)	0.0 (0/0)	0.0 (0/0)	0.0 (0/92)	0.0 (0/92)
Rudi	-6.9631757	36.253893	0.9733 (73/75)	0.0 (0/73)	0.0 (0/73)	0.9231 (72/78)	1.0 (75/75)	0.0 (0/73)	0.0 (0/73)	0.0635 (4/63)	0.0 (0/77)	0.0 (0/76)	0.0 (0/73)	0.0 (0/0)	0.0 (0/78)	0.0 (0/74)	0.0 (0/0)	0.0 (0/0)	0.0 (0/74)	0.0 (0/0)	0.0 (0/75)	0.0 (0/76)	0.0 (0/0)	0.0154 (1/65)	0.0132 (1/76)	0.0 (0/80)	0.0 (0/74)	0.0 (0/76)	1.0 (76/76)	0.0 (0/77)	0.0 (0/0)	0.0 (0/73)	0.0 (0/73)	0.0411 (3/73)	0.9178 (67/73)	0.0 (0/63)	0.0 (0/73)	0.0 (0/73)	0.0 (0/0)	0.013 (1/77)	0.0 (0/73)	0.0 (0/8)	0.0 (0/74)	0.0 (0/74)	0.0 (0/76)	0.0 (0/73)	0.0 (0/78)	0.1096 (8/73)	0.0 (0/76)	0.0 (0/71)	0.0 (0/75)	0.0 (0/0)	0.0411 (3/73)	0.0 (0/74)	0.0 (0/76)	0.0 (0/0)	0.0 (0/0)	0.0 (0/0)	0.0 (0/73)	0.0 (0/78)	0.0 (0/75)	0.0 (0/0)	0.0 (0/0)	0.0 (0/0)	0.0 (0/0)	0.0 (0/76)	0.0 (0/73)	0.0411 (3/73)	0.5789 (44/76)	0.0 (0/0)	0.0 (0/73)	0.0128 (1/78)	0.0 (0/75)	0.0 (0/71)	0.0 (0/0)	0.0 (0/77)	0.0 (0/73)	0.0 (0/0)	0.0 (0/0)	0.0278 (2/72)	0.0 (0/73)	0.0411 (3/73)	0.0 (0/0)	0.0 (0/0)	0.0 (0/15)	0.0 (0/0)	0.0 (0/0)	0.0 (0/0)	0.0 (0/0)	0.0411 (3/73)	0.0 (0/73)
Nkomang'ombe	-10.29813	34.730732	1.0 (81/81)	0.0 (0/80)	0.0 (0/77)	0.9383 (76/81)	0.9136 (74/81)	0.0 (0/80)	0.0 (0/80)	0.0 (0/71)	0.0 (0/81)	0.0247 (2/81)	0.0 (0/80)	0.0 (0/0)	0.0 (0/82)	0.0 (0/81)	0.0 (0/0)	0.0 (0/0)	0.0 (0/81)	0.0 (0/1)	0.0 (0/83)	0.0 (0/81)	0.0 (0/0)	0.0 (0/71)	0.0 (0/80)	0.0 (0/81)	0.0 (0/81)	0.0 (0/81)	1.0 (80/80)	0.0 (0/80)	0.0 (0/0)	0.0125 (1/80)	0.0 (0/80)	0.0 (0/80)	0.9375 (75/80)	0.0 (0/71)	0.0 (0/80)	0.0 (0/80)	0.0 (0/0)	0.0 (0/82)	0.0 (0/80)	0.0 (0/1)	0.0 (0/81)	0.0 (0/81)	0.0 (0/81)	0.0 (0/77)	0.0 (0/82)	0.0125 (1/80)	0.0 (0/81)	0.0 (0/80)	0.0 (0/81)	0.0 (0/0)	0.0 (0/80)	0.0 (0/81)	0.0 (0/81)	0.0 (0/0)	0.0 (0/0)	0.0 (0/0)	0.0 (0/80)	0.0 (0/83)	0.0 (0/81)	0.0 (0/0)	0.0 (0/0)	0.0 (0/1)	0.0 (0/0)	0.0 (0/81)	0.0 (0/78)	0.0 (0/80)	0.6 (48/80)	0.0 (0/0)	0.0 (0/80)	0.122 (10/82)	0.0 (0/81)	0.0 (0/79)	0.0 (0/0)	0.0 (0/81)	0.0 (0/80)	0.0 (0/0)	0.0 (0/0)	0.0 (0/79)	0.0 (0/80)	0.0 (0/79)	0.0 (0/0)	0.0 (0/0)	0.0 (0/13)	0.0 (0/1)	0.0 (0/0)	0.0 (0/0)	0.0 (0/0)	0.0 (0/79)	0.0 (0/80)
Loje	-6.8670597	36.011335	0.7679 (43/56)	0.0 (0/54)	0.0 (0/54)	0.8571 (48/56)	1.0 (56/56)	0.0 (0/54)	0.0 (0/53)	0.0 (0/41)	0.0 (0/58)	0.0 (0/56)	0.0 (0/54)	0.0 (0/0)	0.0 (0/58)	0.0 (0/56)	0.0 (0/0)	0.0 (0/0)	0.0 (0/56)	0.0 (0/0)	0.0 (0/59)	0.0 (0/56)	0.0 (0/0)	0.0816 (4/49)	0.0 (0/56)	0.0 (0/58)	0.0 (0/56)	0.0179 (1/56)	1.0 (56/56)	0.0 (0/55)	0.0 (0/0)	0.0 (0/54)	0.0 (0/57)	0.0 (0/57)	0.8519 (46/54)	0.0 (0/41)	0.0 (0/57)	0.0 (0/57)	0.0 (0/0)	0.0 (0/59)	0.0 (0/54)	0.0 (0/0)	0.0 (0/56)	0.0 (0/56)	0.0 (0/56)	0.0556 (3/54)	0.0 (0/58)	0.0741 (4/54)	0.0 (0/56)	0.0 (0/54)	0.0 (0/54)	0.0 (0/0)	0.0 (0/57)	0.0 (0/56)	0.0 (0/56)	0.0 (0/1)	0.0 (0/0)	0.0 (0/0)	0.0 (0/57)	0.0 (0/57)	0.0 (0/54)	0.0 (0/0)	0.0 (0/0)	0.0 (0/0)	0.0 (0/0)	0.0 (0/56)	0.0 (0/53)	0.0 (0/57)	0.4909 (27/55)	0.0 (0/0)	0.0 (0/54)	0.0169 (1/59)	0.0 (0/54)	0.0 (0/51)	0.0 (0/0)	0.0 (0/58)	0.0 (0/53)	0.0 (0/1)	0.0 (0/0)	0.0 (0/53)	0.0 (0/57)	0.0 (0/54)	0.0 (0/0)	0.0 (0/1)	0.0 (0/1)	0.0 (0/0)	0.0 (0/0)	0.0 (0/0)	0.0 (0/0)	0.0 (0/54)	0.0 (0/53)
"Kitwai ""A"""	-4.8083135	37.157073	0.9 (18/20)	0.0 (0/23)	0.0 (0/20)	1.0 (20/20)	1.0 (20/20)	0.0 (0/23)	0.0 (0/20)	0.0 (0/17)	0.0 (0/23)	0.0 (0/21)	0.0 (0/20)	0.0 (0/0)	0.0 (0/21)	0.0 (0/20)	0.0 (0/0)	0.0 (0/0)	0.0 (0/20)	0.0 (0/0)	0.0 (0/21)	0.0 (0/22)	0.0 (0/0)	0.0 (0/19)	0.0476 (1/21)	0.0 (0/21)	0.0 (0/20)	0.0 (0/22)	1.0 (21/21)	0.0 (0/20)	0.0 (0/0)	0.0 (0/20)	0.0 (0/21)	0.0 (0/21)	1.0 (23/23)	0.0 (0/17)	0.0 (0/21)	0.0 (0/21)	0.0 (0/0)	0.0 (0/21)	0.0 (0/20)	0.0 (0/0)	0.0 (0/20)	0.0 (0/20)	0.0 (0/22)	0.0 (0/20)	0.0 (0/21)	0.0 (0/23)	0.0 (0/22)	0.0 (0/20)	0.0 (0/21)	0.0 (0/0)	0.0 (0/21)	0.0 (0/20)	0.0 (0/22)	0.0 (0/0)	0.0 (0/0)	0.0 (0/0)	0.0 (0/21)	0.0 (0/22)	0.0 (0/21)	0.0 (0/0)	0.0 (0/0)	0.0 (0/0)	0.0 (0/0)	0.0 (0/22)	0.0 (0/20)	0.0 (0/21)	0.8095 (17/21)	0.0 (0/0)	0.0 (0/20)	0.4545 (10/22)	0.0 (0/21)	0.0 (0/20)	0.0 (0/0)	0.0 (0/23)	0.0 (0/20)	0.0 (0/0)	0.0 (0/0)	0.0 (0/20)	0.0 (0/21)	0.0 (0/22)	0.0 (0/0)	0.0 (0/0)	0.0 (0/3)	0.0 (0/0)	0.0 (0/0)	0.0 (0/0)	0.0 (0/0)	0.0 (0/22)	0.0 (0/20)
overall			0.9317 (2604/2795)	0.0011 (3/2725)	0.0 (0/2637)	0.9216 (2493/2705)	0.9871 (2759/2795)	0.0114 (31/2725)	0.0 (0/2650)	0.0299 (59/1971)	0.0123 (35/2852)	0.016 (46/2874)	0.0004 (1/2655)	0.0 (0/0)	0.0003 (1/2975)	0.0 (0/2696)	0.0 (0/1)	0.0 (0/0)	0.0 (0/2696)	0.0 (0/26)	0.0 (0/2858)	0.0 (0/2860)	0.0 (0/0)	0.0265 (60/2266)	0.0029 (8/2725)	0.0007 (2/2893)	0.0004 (1/2696)	0.0007 (2/2860)	0.9982 (2720/2725)	0.0366 (100/2731)	0.0 (0/1)	0.0049 (13/2655)	0.0 (0/2781)	0.0234 (65/2781)	0.9229 (2515/2725)	0.0015 (3/1971)	0.0011 (3/2781)	0.0032 (9/2781)	0.0 (0/1)	0.001 (3/2914)	0.0 (0/2655)	0.0 (0/51)	0.0019 (5/2696)	0.0 (0/2696)	0.0 (0/2860)	0.0015 (4/2637)	0.0 (0/2975)	0.0396 (108/2725)	0.0 (0/2860)	0.0004 (1/2715)	0.0 (0/2723)	0.0 (0/0)	0.0209 (58/2781)	0.0 (0/2696)	0.0003 (1/2860)	0.3333 (2/6)	0.0 (0/0)	0.0 (0/0)	0.0 (0/2781)	0.0003 (1/2869)	0.0 (0/2723)	0.0 (0/0)	0.0 (0/0)	0.0 (0/3)	0.0 (0/0)	0.0 (0/2860)	0.0 (0/2499)	0.0209 (58/2781)	0.568 (1642/2891)	0.0 (0/0)	0.0169 (45/2655)	0.0989 (285/2883)	0.0 (0/2723)	0.0004 (1/2406)	0.0 (0/0)	0.0 (0/2852)	0.0 (0/2650)	0.0 (0/2)	0.0 (0/1)	0.0237 (60/2535)	0.0 (0/2781)	0.0056 (15/2657)	0.0 (0/0)	0.0 (0/1)	0.0 (0/325)	0.0 (0/26)	0.0 (0/0)	0.0 (0/0)	0.0 (0/1)	0.0056 (15/2657)	0.0 (0/2650)
